model,train_alpha,score_type,mean_score,std_score,q95,q99
Baseline GCN (Ref),0.5,combined_score,1.044862151145935,0.5650072693824768,2.165572166442871,2.7392420768737793
Baseline GCN (Ref),0.5,population_error,1.1973350048065186,0.8932920694351196,2.9590468406677246,3.9192721843719482
Baseline GCN (Ref),0.5,country_score,0.8161530494689941,0.23784056305885315,0.9994802474975586,0.999988317489624
AnomalyDetector GCN (Ref),0.5,combined_score,1.058302640914917,0.5864055156707764,2.1535744667053223,3.016829013824463
AnomalyDetector GCN (Ref),0.5,population_error,1.2163434028625488,0.9306713342666626,2.9442501068115234,4.489117622375488
AnomalyDetector GCN (Ref),0.5,country_score,0.8212413191795349,0.2298768013715744,0.9994357228279114,0.9999507069587708
GAT_h16_l2_head1_a0.1,0.1,combined_score,0.785885751247406,0.5600494146347046,1.9079216718673706,2.69999623298645
GAT_h16_l2_head1_a0.1,0.1,population_error,0.8450453281402588,0.8777176737785339,2.599735975265503,3.9452009201049805
GAT_h16_l2_head1_a0.1,0.1,country_score,0.697146475315094,0.3004329204559326,0.9988577961921692,0.9998900890350342
GAT_h16_l2_head1_a0.3,0.3,combined_score,0.7729659676551819,0.5506874322891235,1.9918853044509888,2.6083922386169434
GAT_h16_l2_head1_a0.3,0.3,population_error,0.8106701970100403,0.8675451278686523,2.726541519165039,3.7735955715179443
GAT_h16_l2_head1_a0.3,0.3,country_score,0.7164096832275391,0.28823769092559814,0.99894118309021,0.9999046325683594
GAT_h16_l2_head1_a0.5,0.5,combined_score,0.8252155780792236,0.5503472089767456,2.092705726623535,2.525637149810791
GAT_h16_l2_head1_a0.5,0.5,population_error,0.8205556273460388,0.8848540186882019,2.843291759490967,3.6115825176239014
GAT_h16_l2_head1_a0.5,0.5,country_score,0.8322054743766785,0.1808938980102539,0.9989798069000244,0.9996881484985352
GAT_h16_l2_head1_a0.7,0.7,combined_score,1.0953559875488281,0.5968627333641052,2.3018569946289062,2.82832932472229
GAT_h16_l2_head1_a0.7,0.7,population_error,1.2198405265808105,0.9762214422225952,3.178933620452881,4.113063335418701
GAT_h16_l2_head1_a0.7,0.7,country_score,0.9086289405822754,0.10426102578639984,0.9987270832061768,0.9995372295379639
GAT_h16_l2_head1_a0.9,0.9,combined_score,1.105273723602295,0.5877112150192261,2.2638139724731445,2.7154765129089355
GAT_h16_l2_head1_a0.9,0.9,population_error,1.2503308057785034,0.9443508982658386,3.139751434326172,3.892819404602051
GAT_h16_l2_head1_a0.9,0.9,country_score,0.8876878619194031,0.15837432444095612,0.9989833831787109,0.9994658827781677
GAT_h16_l2_head2_a0.1,0.1,combined_score,0.8216800689697266,0.5359573364257812,1.9402998685836792,2.547126054763794
GAT_h16_l2_head2_a0.1,0.1,population_error,0.8822466135025024,0.8441866636276245,2.6126623153686523,3.7006280422210693
GAT_h16_l2_head2_a0.1,0.1,country_score,0.7308304309844971,0.2749548852443695,0.9985190629959106,0.9997644424438477
GAT_h16_l2_head2_a0.3,0.3,combined_score,0.7615838050842285,0.524725079536438,1.9143528938293457,2.595884323120117
GAT_h16_l2_head2_a0.3,0.3,population_error,0.7846176028251648,0.819430410861969,2.573241710662842,3.734506368637085
GAT_h16_l2_head2_a0.3,0.3,country_score,0.7270331382751465,0.2850126624107361,0.9988411068916321,0.999802827835083
GAT_h16_l2_head2_a0.5,0.5,combined_score,0.7422118782997131,0.5295136570930481,1.8738425970077515,2.6479389667510986
GAT_h16_l2_head2_a0.5,0.5,population_error,0.7466568350791931,0.8295041918754578,2.534677743911743,3.803438186645508
GAT_h16_l2_head2_a0.5,0.5,country_score,0.7355443239212036,0.28249630331993103,0.9989926815032959,0.9997624754905701
GAT_h16_l2_head2_a0.7,0.7,combined_score,0.7580698132514954,0.5370243787765503,1.9354544878005981,2.550295114517212
GAT_h16_l2_head2_a0.7,0.7,population_error,0.7516382336616516,0.8402686715126038,2.628345012664795,3.663212537765503
GAT_h16_l2_head2_a0.7,0.7,country_score,0.7677170634269714,0.25759461522102356,0.9989375472068787,0.999681830406189
GAT_h16_l2_head2_a0.9,0.9,combined_score,0.7678686380386353,0.5382203459739685,1.942322015762329,2.713654041290283
GAT_h16_l2_head2_a0.9,0.9,population_error,0.730607271194458,0.8546933531761169,2.6027278900146484,3.893745183944702
GAT_h16_l2_head2_a0.9,0.9,country_score,0.8237605094909668,0.214446023106575,0.9984265565872192,0.999178946018219
GAT_h16_l2_head4_a0.1,0.1,combined_score,0.7885420918464661,0.5467096567153931,1.9004913568496704,2.6531026363372803
GAT_h16_l2_head4_a0.1,0.1,population_error,0.851746678352356,0.8538402318954468,2.5685384273529053,3.8090858459472656
GAT_h16_l2_head4_a0.1,0.1,country_score,0.693734884262085,0.2980418801307678,0.9985605478286743,0.999859631061554
GAT_h16_l2_head4_a0.3,0.3,combined_score,0.788144588470459,0.5269478559494019,1.9360331296920776,2.583845615386963
GAT_h16_l2_head4_a0.3,0.3,population_error,0.8211230039596558,0.8180270195007324,2.6527292728424072,3.7312943935394287
GAT_h16_l2_head4_a0.3,0.3,country_score,0.7386772036552429,0.29857954382896423,0.9988628625869751,0.9998058080673218
GAT_h16_l2_head4_a0.5,0.5,combined_score,0.7701944708824158,0.5324794054031372,1.976678490638733,2.536912441253662
GAT_h16_l2_head4_a0.5,0.5,population_error,0.7996953725814819,0.8305134177207947,2.711923599243164,3.644547462463379
GAT_h16_l2_head4_a0.5,0.5,country_score,0.7259429097175598,0.3019886314868927,0.9986108541488647,0.9998078346252441
GAT_h16_l2_head4_a0.7,0.7,combined_score,5.301875114440918,1.0890192985534668,7.211203575134277,8.075417518615723
GAT_h16_l2_head4_a0.7,0.7,population_error,8.172684669494629,1.8152168989181519,11.35541820526123,12.793328285217285
GAT_h16_l2_head4_a0.7,0.7,country_score,0.9956605434417725,0.0044263871386647224,0.9996616244316101,0.9998754858970642
GAT_h16_l2_head4_a0.9,0.9,combined_score,0.7734659314155579,0.5456077456474304,1.9403358697891235,2.62650465965271
GAT_h16_l2_head4_a0.9,0.9,population_error,0.7294756174087524,0.8707878589630127,2.615201473236084,3.7828586101531982
GAT_h16_l2_head4_a0.9,0.9,country_score,0.8394513726234436,0.19509702920913696,0.9983085989952087,0.9993476867675781
GAT_h16_l3_head1_a0.1,0.1,combined_score,0.9185518622398376,0.5767235159873962,2.053311586380005,2.84653639793396
GAT_h16_l3_head1_a0.1,0.1,population_error,1.037834882736206,0.9056439399719238,2.812433958053589,4.312526226043701
GAT_h16_l3_head1_a0.1,0.1,country_score,0.7396271228790283,0.2992929518222809,0.9989354610443115,0.9998204112052917
GAT_h16_l3_head1_a0.3,0.3,combined_score,0.8622079491615295,0.5732612013816833,2.14338755607605,2.680516481399536
GAT_h16_l3_head1_a0.3,0.3,population_error,0.9302627444267273,0.9091916680335999,2.925976514816284,3.870486259460449
GAT_h16_l3_head1_a0.3,0.3,country_score,0.7601258754730225,0.27195581793785095,0.9990555644035339,0.9997411966323853
GAT_h16_l3_head1_a0.5,0.5,combined_score,0.827578604221344,0.5843872427940369,2.061922311782837,2.633236885070801
GAT_h16_l3_head1_a0.5,0.5,population_error,0.8861033320426941,0.92698734998703,2.8122987747192383,3.8636748790740967
GAT_h16_l3_head1_a0.5,0.5,country_score,0.7397915720939636,0.28438133001327515,0.9989879131317139,0.9996751546859741
GAT_h16_l3_head1_a0.7,0.7,combined_score,0.8480809330940247,0.5766504406929016,1.998409390449524,2.678863525390625
GAT_h16_l3_head1_a0.7,0.7,population_error,0.9042091369628906,0.9104917049407959,2.8483664989471436,3.9308087825775146
GAT_h16_l3_head1_a0.7,0.7,country_score,0.7638884782791138,0.2852190434932709,0.9986393451690674,0.9994686245918274
GAT_h16_l3_head1_a0.9,0.9,combined_score,1.0646851062774658,0.5707734227180481,2.130559206008911,2.726304054260254
GAT_h16_l3_head1_a0.9,0.9,population_error,1.200552225112915,0.9155435562133789,2.9194083213806152,3.9263617992401123
GAT_h16_l3_head1_a0.9,0.9,country_score,0.8608843684196472,0.17552953958511353,0.9986496567726135,0.99948650598526
GAT_h16_l3_head2_a0.1,0.1,combined_score,0.823223888874054,0.600494921207428,2.0661821365356445,2.733705997467041
GAT_h16_l3_head2_a0.1,0.1,population_error,0.9479494094848633,0.9422121644020081,2.864018678665161,4.01215934753418
GAT_h16_l3_head2_a0.1,0.1,country_score,0.6361353993415833,0.33977898955345154,0.9991528987884521,0.9999387860298157
GAT_h16_l3_head2_a0.3,0.3,combined_score,0.820521891117096,0.5590428113937378,2.042616128921509,2.612405300140381
GAT_h16_l3_head2_a0.3,0.3,population_error,0.89048832654953,0.8815847635269165,2.8203413486480713,3.9786477088928223
GAT_h16_l3_head2_a0.3,0.3,country_score,0.7155719995498657,0.3049909472465515,0.9991125464439392,0.9998480081558228
GAT_h16_l3_head2_a0.5,0.5,combined_score,0.8428651094436646,0.5571823120117188,2.005326747894287,2.5966684818267822
GAT_h16_l3_head2_a0.5,0.5,population_error,0.9029856324195862,0.8846717476844788,2.870034694671631,3.7159311771392822
GAT_h16_l3_head2_a0.5,0.5,country_score,0.7526842355728149,0.2705945670604706,0.9992267489433289,0.999806821346283
GAT_h16_l3_head2_a0.7,0.7,combined_score,0.8079766035079956,0.566060483455658,2.034497022628784,2.585167407989502
GAT_h16_l3_head2_a0.7,0.7,population_error,0.8401235938072205,0.8993841409683228,2.830758571624756,3.719315767288208
GAT_h16_l3_head2_a0.7,0.7,country_score,0.7597562074661255,0.28473368287086487,0.9989098906517029,0.9997250437736511
GAT_h16_l3_head2_a0.9,0.9,combined_score,0.8323580622673035,0.5650202631950378,2.040663003921509,2.5466437339782715
GAT_h16_l3_head2_a0.9,0.9,population_error,0.852811336517334,0.8938871622085571,2.8032174110412598,3.6499762535095215
GAT_h16_l3_head2_a0.9,0.9,country_score,0.8016782402992249,0.2420499324798584,0.9982113242149353,0.9990870356559753
GAT_h16_l3_head4_a0.1,0.1,combined_score,0.8152605295181274,0.5860074758529663,2.0378870964050293,2.6243960857391357
GAT_h16_l3_head4_a0.1,0.1,population_error,0.9088525772094727,0.920830488204956,2.869730234146118,3.954617977142334
GAT_h16_l3_head4_a0.1,0.1,country_score,0.6748722195625305,0.3121979236602783,0.9988895654678345,0.9998779296875
GAT_h16_l3_head4_a0.3,0.3,combined_score,0.8267905712127686,0.5311640501022339,1.9005351066589355,2.502573251724243
GAT_h16_l3_head4_a0.3,0.3,population_error,0.889076828956604,0.8313228487968445,2.650439500808716,3.690692901611328
GAT_h16_l3_head4_a0.3,0.3,country_score,0.7333610653877258,0.29724690318107605,0.9991028308868408,0.999704122543335
GAT_h16_l3_head4_a0.5,0.5,combined_score,0.8788622617721558,0.5790433287620544,2.0910353660583496,2.5087313652038574
GAT_h16_l3_head4_a0.5,0.5,population_error,0.9653370976448059,0.9118789434432983,2.893120765686035,3.655479907989502
GAT_h16_l3_head4_a0.5,0.5,country_score,0.7491497993469238,0.29576268792152405,0.9989944100379944,0.9997389912605286
GAT_h16_l3_head4_a0.7,0.7,combined_score,0.794075071811676,0.5984113216400146,2.094604253768921,2.6534836292266846
GAT_h16_l3_head4_a0.7,0.7,population_error,0.828754186630249,0.9466039538383484,2.932173728942871,3.8998618125915527
GAT_h16_l3_head4_a0.7,0.7,country_score,0.7420562505722046,0.28667816519737244,0.9987524151802063,0.9996129274368286
GAT_h16_l3_head4_a0.9,0.9,combined_score,0.7873014211654663,0.5514855980873108,1.9690895080566406,2.429149866104126
GAT_h16_l3_head4_a0.9,0.9,population_error,0.7750817537307739,0.8795251250267029,2.685307025909424,3.5365703105926514
GAT_h16_l3_head4_a0.9,0.9,country_score,0.805631160736084,0.24179847538471222,0.9983811974525452,0.9989362359046936
GAT_h16_l4_head1_a0.1,0.1,combined_score,1.0557795763015747,0.5774751901626587,2.2109925746917725,2.6955530643463135
GAT_h16_l4_head1_a0.1,0.1,population_error,1.2335286140441895,0.9155446887016296,3.0546016693115234,3.9135217666625977
GAT_h16_l4_head1_a0.1,0.1,country_score,0.7891561388969421,0.2659444808959961,0.9992486238479614,0.9997720122337341
GAT_h16_l4_head1_a0.3,0.3,combined_score,0.9676822423934937,0.5897643566131592,2.0786643028259277,2.659176826477051
GAT_h16_l4_head1_a0.3,0.3,population_error,1.0779367685317993,0.9431653618812561,2.85209321975708,3.8691940307617188
GAT_h16_l4_head1_a0.3,0.3,country_score,0.8023004531860352,0.24133676290512085,0.9991251826286316,0.999660313129425
GAT_h16_l4_head1_a0.5,0.5,combined_score,1.0812127590179443,0.604560136795044,2.358595371246338,2.6839492321014404
GAT_h16_l4_head1_a0.5,0.5,population_error,1.2520112991333008,0.9614556431770325,3.2805802822113037,3.9440011978149414
GAT_h16_l4_head1_a0.5,0.5,country_score,0.8250148296356201,0.2614792585372925,0.999165415763855,0.999829113483429
GAT_h16_l4_head1_a0.7,0.7,combined_score,1.1119428873062134,0.5862590670585632,2.301027536392212,2.7078018188476562
GAT_h16_l4_head1_a0.7,0.7,population_error,1.2711318731307983,0.9507631659507751,3.201704740524292,3.883437156677246
GAT_h16_l4_head1_a0.7,0.7,country_score,0.8731594085693359,0.1772194355726242,0.9989515542984009,0.9996845126152039
GAT_h16_l4_head1_a0.9,0.9,combined_score,0.8386570811271667,0.5772835612297058,2.219442844390869,2.767374277114868
GAT_h16_l4_head1_a0.9,0.9,population_error,0.8050290942192078,0.9351246356964111,3.0667617321014404,3.9484262466430664
GAT_h16_l4_head1_a0.9,0.9,country_score,0.8890989422798157,0.1574329286813736,0.9985031485557556,0.9991465210914612
GAT_h16_l4_head2_a0.1,0.1,combined_score,0.8797124028205872,0.617477297782898,2.1752307415008545,2.7951881885528564
GAT_h16_l4_head2_a0.1,0.1,population_error,1.0068111419677734,0.9820214509963989,3.0786824226379395,4.2297163009643555
GAT_h16_l4_head2_a0.1,0.1,country_score,0.6890643835067749,0.30747684836387634,0.9990208745002747,0.9998133778572083
GAT_h16_l4_head2_a0.3,0.3,combined_score,0.8582624197006226,0.5726333856582642,2.048436164855957,2.6742148399353027
GAT_h16_l4_head2_a0.3,0.3,population_error,0.9480255842208862,0.902966320514679,2.7824478149414062,3.8336572647094727
GAT_h16_l4_head2_a0.3,0.3,country_score,0.7236176133155823,0.29337427020072937,0.998765766620636,0.9997517466545105
GAT_h16_l4_head2_a0.5,0.5,combined_score,0.8122056126594543,0.5772729516029358,2.0971972942352295,2.7185091972351074
GAT_h16_l4_head2_a0.5,0.5,population_error,0.8611260652542114,0.9145447611808777,2.8936257362365723,3.939370632171631
GAT_h16_l4_head2_a0.5,0.5,country_score,0.7388246655464172,0.2896076738834381,0.9986559152603149,0.9997691512107849
GAT_h16_l4_head2_a0.7,0.7,combined_score,4.917099475860596,0.8964967131614685,6.48406457901001,7.148139953613281
GAT_h16_l4_head2_a0.7,0.7,population_error,7.53298807144165,1.4945329427719116,10.142461776733398,11.248540878295898
GAT_h16_l4_head2_a0.7,0.7,country_score,0.9932653307914734,0.011015122756361961,0.9993412494659424,0.9998509883880615
GAT_h16_l4_head2_a0.9,0.9,combined_score,0.8076226115226746,0.5854316353797913,2.0652263164520264,2.7014732360839844
GAT_h16_l4_head2_a0.9,0.9,population_error,0.8011788725852966,0.9420854449272156,2.872209310531616,3.8617446422576904
GAT_h16_l4_head2_a0.9,0.9,country_score,0.8172884583473206,0.21563582122325897,0.9982880353927612,0.998961865901947
GAT_h16_l4_head4_a0.1,0.1,combined_score,0.8417959809303284,0.6061598062515259,2.093916416168213,2.668117046356201
GAT_h16_l4_head4_a0.1,0.1,population_error,0.9632675051689148,0.9523036479949951,3.0224647521972656,4.071951389312744
GAT_h16_l4_head4_a0.1,0.1,country_score,0.6595888733863831,0.32857710123062134,0.9990925788879395,0.9998404383659363
GAT_h16_l4_head4_a0.3,0.3,combined_score,0.7431551814079285,0.5999215245246887,2.1141197681427,2.530148506164551
GAT_h16_l4_head4_a0.3,0.3,population_error,0.8164777755737305,0.9314987659454346,2.99120831489563,3.713135004043579
GAT_h16_l4_head4_a0.3,0.3,country_score,0.6331712603569031,0.3441506624221802,0.9989330172538757,0.9999088048934937
GAT_h16_l4_head4_a0.5,0.5,combined_score,0.7830089926719666,0.5772622227668762,2.0729806423187256,2.5936646461486816
GAT_h16_l4_head4_a0.5,0.5,population_error,0.8268350958824158,0.9134057760238647,2.8335587978363037,3.8047142028808594
GAT_h16_l4_head4_a0.5,0.5,country_score,0.7172695994377136,0.2937723994255066,0.9986468553543091,0.9997730851173401
GAT_h16_l4_head4_a0.7,0.7,combined_score,0.7753339409828186,0.5631906986236572,2.081895112991333,2.6520004272460938
GAT_h16_l4_head4_a0.7,0.7,population_error,0.7796685099601746,0.890066385269165,2.8758673667907715,3.800666570663452
GAT_h16_l4_head4_a0.7,0.7,country_score,0.7688319683074951,0.25502991676330566,0.9987095594406128,0.999609649181366
GAT_h16_l4_head4_a0.9,0.9,combined_score,0.7877755761146545,0.556778073310852,2.0045790672302246,2.5778887271881104
GAT_h16_l4_head4_a0.9,0.9,population_error,0.7752506136894226,0.8832969069480896,2.7536704540252686,3.6314473152160645
GAT_h16_l4_head4_a0.9,0.9,country_score,0.8065630197525024,0.2408285140991211,0.9985709190368652,0.9993740916252136
GAT_h32_l2_head1_a0.1,0.1,combined_score,0.770638644695282,0.5603191256523132,2.0154640674591064,2.618299961090088
GAT_h32_l2_head1_a0.1,0.1,population_error,0.8256500959396362,0.8799827098846436,2.795004367828369,3.8295958042144775
GAT_h32_l2_head1_a0.1,0.1,country_score,0.6881213784217834,0.3005450665950775,0.9991416335105896,0.9999391436576843
GAT_h32_l2_head1_a0.3,0.3,combined_score,0.7476754784584045,0.5328537821769714,1.903957724571228,2.4362313747406006
GAT_h32_l2_head1_a0.3,0.3,population_error,0.7782257795333862,0.8316600322723389,2.633305311203003,3.489694833755493
GAT_h32_l2_head1_a0.3,0.3,country_score,0.7018499374389648,0.2952849268913269,0.9990432262420654,0.9998899102210999
GAT_h32_l2_head1_a0.5,0.5,combined_score,0.7820754051208496,0.531315267086029,1.966448426246643,2.6118505001068115
GAT_h32_l2_head1_a0.5,0.5,population_error,0.8147844672203064,0.8332966566085815,2.6832451820373535,3.802212953567505
GAT_h32_l2_head1_a0.5,0.5,country_score,0.733011782169342,0.2791600227355957,0.9989203810691833,0.9998672008514404
GAT_h32_l2_head1_a0.7,0.7,combined_score,0.7332425713539124,0.5497406125068665,1.9572514295578003,2.5695412158966064
GAT_h32_l2_head1_a0.7,0.7,population_error,0.7323959469795227,0.8635567426681519,2.6876144409179688,3.6508071422576904
GAT_h32_l2_head1_a0.7,0.7,country_score,0.7345125675201416,0.27935299277305603,0.9993642568588257,0.9998179078102112
GAT_h32_l2_head1_a0.9,0.9,combined_score,0.7587316632270813,0.5662781596183777,2.0499372482299805,2.656480073928833
GAT_h32_l2_head1_a0.9,0.9,population_error,0.7449522614479065,0.8903766870498657,2.81927752494812,3.812183380126953
GAT_h32_l2_head1_a0.9,0.9,country_score,0.779400646686554,0.2534823715686798,0.9986395835876465,0.9993629455566406
GAT_h32_l2_head2_a0.1,0.1,combined_score,0.7424275875091553,0.5421697497367859,1.873397707939148,2.5555593967437744
GAT_h32_l2_head2_a0.1,0.1,population_error,0.8153618574142456,0.8476670980453491,2.6382486820220947,3.636218786239624
GAT_h32_l2_head2_a0.1,0.1,country_score,0.6330260634422302,0.33637145161628723,0.9988148212432861,0.999923050403595
GAT_h32_l2_head2_a0.3,0.3,combined_score,0.7198112607002258,0.5547007918357849,1.9526240825653076,2.512590169906616
GAT_h32_l2_head2_a0.3,0.3,population_error,0.7716917395591736,0.8593022227287292,2.7354955673217773,3.684623956680298
GAT_h32_l2_head2_a0.3,0.3,country_score,0.6419903039932251,0.3292461335659027,0.9990569353103638,0.9999518990516663
GAT_h32_l2_head2_a0.5,0.5,combined_score,0.7322951555252075,0.5556715726852417,1.9379457235336304,2.5918190479278564
GAT_h32_l2_head2_a0.5,0.5,population_error,0.7570015788078308,0.8634728789329529,2.714711904525757,3.7619893550872803
GAT_h32_l2_head2_a0.5,0.5,country_score,0.6952356100082397,0.30943018198013306,0.9991565942764282,0.99993896484375
GAT_h32_l2_head2_a0.7,0.7,combined_score,0.7168331742286682,0.5539747476577759,1.9753109216690063,2.5083975791931152
GAT_h32_l2_head2_a0.7,0.7,population_error,0.7380014061927795,0.8651743531227112,2.759674549102783,3.574260711669922
GAT_h32_l2_head2_a0.7,0.7,country_score,0.685080885887146,0.31553593277931213,0.9993818402290344,0.9998630881309509
GAT_h32_l2_head2_a0.9,0.9,combined_score,0.7475489974021912,0.5346931219100952,1.9322222471237183,2.481168746948242
GAT_h32_l2_head2_a0.9,0.9,population_error,0.7330808639526367,0.8415669202804565,2.736625909805298,3.574380397796631
GAT_h32_l2_head2_a0.9,0.9,country_score,0.7692511677742004,0.2589729428291321,0.998556911945343,0.9993289113044739
GAT_h32_l2_head4_a0.1,0.1,combined_score,0.7499467730522156,0.5418076515197754,1.9532831907272339,2.502222776412964
GAT_h32_l2_head4_a0.1,0.1,population_error,0.8056475520133972,0.8409046530723572,2.6867311000823975,3.5484771728515625
GAT_h32_l2_head4_a0.1,0.1,country_score,0.6663954854011536,0.3091118037700653,0.9984332919120789,0.9999449849128723
GAT_h32_l2_head4_a0.3,0.3,combined_score,0.7409238219261169,0.5398260951042175,1.954572081565857,2.599111795425415
GAT_h32_l2_head4_a0.3,0.3,population_error,0.7782959342002869,0.8439634442329407,2.6503684520721436,3.7535176277160645
GAT_h32_l2_head4_a0.3,0.3,country_score,0.6848655343055725,0.30653026700019836,0.9990168213844299,0.9998672604560852
GAT_h32_l2_head4_a0.5,0.5,combined_score,0.689402163028717,0.5645245313644409,1.8878291845321655,2.5394601821899414
GAT_h32_l2_head4_a0.5,0.5,population_error,0.7051248550415039,0.8758207559585571,2.669978380203247,3.6837565898895264
GAT_h32_l2_head4_a0.5,0.5,country_score,0.6658180952072144,0.3198745548725128,0.9993218779563904,0.9999128580093384
GAT_h32_l2_head4_a0.7,0.7,combined_score,0.7040042281150818,0.5636166930198669,1.9802874326705933,2.6760764122009277
GAT_h32_l2_head4_a0.7,0.7,population_error,0.7076654434204102,0.8791448473930359,2.6997287273406982,3.985090494155884
GAT_h32_l2_head4_a0.7,0.7,country_score,0.6985124349594116,0.2975030541419983,0.9988803863525391,0.9998026490211487
GAT_h32_l2_head4_a0.9,0.9,combined_score,0.7288755178451538,0.5557283759117126,1.954768419265747,2.6451733112335205
GAT_h32_l2_head4_a0.9,0.9,population_error,0.7139288783073425,0.8714146614074707,2.6501643657684326,3.8026726245880127
GAT_h32_l2_head4_a0.9,0.9,country_score,0.7512951493263245,0.2649361491203308,0.9987132549285889,0.9994199275970459
GAT_h32_l3_head1_a0.1,0.1,combined_score,0.8387800455093384,0.5936494469642639,2.0688059329986572,2.730764150619507
GAT_h32_l3_head1_a0.1,0.1,population_error,0.9464207291603088,0.9358217120170593,2.8531806468963623,3.9779927730560303
GAT_h32_l3_head1_a0.1,0.1,country_score,0.6773191094398499,0.31493452191352844,0.9991538524627686,0.999934196472168
GAT_h32_l3_head1_a0.3,0.3,combined_score,0.8395978212356567,0.5968332290649414,2.080764055252075,2.6751821041107178
GAT_h32_l3_head1_a0.3,0.3,population_error,0.9303768873214722,0.9433742165565491,2.960054874420166,3.9741883277893066
GAT_h32_l3_head1_a0.3,0.3,country_score,0.7034289240837097,0.302729070186615,0.9991092681884766,0.9999014735221863
GAT_h32_l3_head1_a0.5,0.5,combined_score,0.9957730174064636,0.597625732421875,2.1242074966430664,2.7417399883270264
GAT_h32_l3_head1_a0.5,0.5,population_error,1.151650309562683,0.946122944355011,3.025439500808716,4.007009029388428
GAT_h32_l3_head1_a0.5,0.5,country_score,0.7619569301605225,0.2606509327888489,0.9987622499465942,0.9998100996017456
GAT_h32_l3_head1_a0.7,0.7,combined_score,0.8716104030609131,0.5910853743553162,2.131577491760254,2.6116344928741455
GAT_h32_l3_head1_a0.7,0.7,population_error,0.9242004752159119,0.9390751123428345,2.931704521179199,3.7330946922302246
GAT_h32_l3_head1_a0.7,0.7,country_score,0.792725145816803,0.24357570707798004,0.9991944432258606,0.9996424317359924
GAT_h32_l3_head1_a0.9,0.9,combined_score,0.7806199193000793,0.5836700201034546,2.019943952560425,2.5908846855163574
GAT_h32_l3_head1_a0.9,0.9,population_error,0.8026201128959656,0.9261705279350281,2.9035847187042236,3.817373514175415
GAT_h32_l3_head1_a0.9,0.9,country_score,0.7476195096969604,0.2753843069076538,0.9984813332557678,0.9994028806686401
GAT_h32_l3_head2_a0.1,0.1,combined_score,0.8451140522956848,0.6036650538444519,2.069977283477783,2.7688724994659424
GAT_h32_l3_head2_a0.1,0.1,population_error,0.9504689574241638,0.9446767568588257,2.9135191440582275,4.099085807800293
GAT_h32_l3_head2_a0.1,0.1,country_score,0.687081515789032,0.3260180354118347,0.9992856383323669,0.9999272227287292
GAT_h32_l3_head2_a0.3,0.3,combined_score,0.7658877968788147,0.5652921795845032,2.041221857070923,2.6211440563201904
GAT_h32_l3_head2_a0.3,0.3,population_error,0.8266429305076599,0.894778311252594,2.8061370849609375,3.9168567657470703
GAT_h32_l3_head2_a0.3,0.3,country_score,0.6747548580169678,0.3169586956501007,0.999067485332489,0.9999014735221863
GAT_h32_l3_head2_a0.5,0.5,combined_score,0.7764245867729187,0.5717377662658691,2.010005474090576,2.4753239154815674
GAT_h32_l3_head2_a0.5,0.5,population_error,0.8187100291252136,0.9001157879829407,2.7644386291503906,3.6778290271759033
GAT_h32_l3_head2_a0.5,0.5,country_score,0.7129964232444763,0.30251502990722656,0.9991353154182434,0.9998390078544617
GAT_h32_l3_head2_a0.7,0.7,combined_score,0.93168705701828,0.5805079340934753,2.114196300506592,2.6695971488952637
GAT_h32_l3_head2_a0.7,0.7,population_error,1.0265038013458252,0.9264019727706909,2.888957977294922,3.8779001235961914
GAT_h32_l3_head2_a0.7,0.7,country_score,0.7894620299339294,0.2811160087585449,0.9994183778762817,0.999836266040802
GAT_h32_l3_head2_a0.9,0.9,combined_score,0.7729015946388245,0.575361967086792,2.0616724491119385,2.522054433822632
GAT_h32_l3_head2_a0.9,0.9,population_error,0.7917295098304749,0.9084380269050598,2.8689675331115723,3.70361590385437
GAT_h32_l3_head2_a0.9,0.9,country_score,0.7446595430374146,0.2823663651943207,0.9984923601150513,0.9993541836738586
GAT_h32_l3_head4_a0.1,0.1,combined_score,0.7859838604927063,0.5733811855316162,1.9252009391784668,2.522695541381836
GAT_h32_l3_head4_a0.1,0.1,population_error,0.9160091876983643,0.8970047831535339,2.834390640258789,3.828725814819336
GAT_h32_l3_head4_a0.1,0.1,country_score,0.5909456610679626,0.35600176453590393,0.9997249841690063,0.9999613165855408
GAT_h32_l3_head4_a0.3,0.3,combined_score,0.7582951188087463,0.5584018230438232,1.9947930574417114,2.4213309288024902
GAT_h32_l3_head4_a0.3,0.3,population_error,0.8167651891708374,0.8727585673332214,2.83099627494812,3.5056464672088623
GAT_h32_l3_head4_a0.3,0.3,country_score,0.6705899834632874,0.3228006362915039,0.9990822672843933,0.9998816251754761
GAT_h32_l3_head4_a0.5,0.5,combined_score,0.7245442271232605,0.5761227011680603,2.0023066997528076,2.545844078063965
GAT_h32_l3_head4_a0.5,0.5,population_error,0.7765140533447266,0.8984702229499817,2.805361747741699,3.7002921104431152
GAT_h32_l3_head4_a0.5,0.5,country_score,0.6465893983840942,0.33395910263061523,0.9987688660621643,0.999931812286377
GAT_h32_l3_head4_a0.7,0.7,combined_score,0.7355517148971558,0.5466606020927429,1.8948503732681274,2.4629275798797607
GAT_h32_l3_head4_a0.7,0.7,population_error,0.7613632082939148,0.8438221216201782,2.6031761169433594,3.5114808082580566
GAT_h32_l3_head4_a0.7,0.7,country_score,0.6968343257904053,0.31000250577926636,0.9987629652023315,0.9997862577438354
GAT_h32_l3_head4_a0.9,0.9,combined_score,0.8097999691963196,0.5749292969703674,2.0703277587890625,2.79931640625
GAT_h32_l3_head4_a0.9,0.9,population_error,0.8003817200660706,0.9177694320678711,2.853069543838501,4.0461812019348145
GAT_h32_l3_head4_a0.9,0.9,country_score,0.8239273428916931,0.21944303810596466,0.9987350702285767,0.999573826789856
GAT_h32_l4_head1_a0.1,0.1,combined_score,1.0887945890426636,0.6047762036323547,2.2567455768585205,2.688256025314331
GAT_h32_l4_head1_a0.1,0.1,population_error,1.3024840354919434,0.9584781527519226,3.1474740505218506,4.064921855926514
GAT_h32_l4_head1_a0.1,0.1,country_score,0.7682601809501648,0.26373857259750366,0.9996102452278137,0.9998840093612671
GAT_h32_l4_head1_a0.3,0.3,combined_score,0.86728835105896,0.6048017144203186,2.091992139816284,2.803861379623413
GAT_h32_l4_head1_a0.3,0.3,population_error,0.9827335476875305,0.9581593871116638,2.870131254196167,4.136854648590088
GAT_h32_l4_head1_a0.3,0.3,country_score,0.6941205263137817,0.3068860173225403,0.9994575381278992,0.9998643398284912
GAT_h32_l4_head1_a0.5,0.5,combined_score,0.8115822076797485,0.5868461728096008,2.157566785812378,2.8048224449157715
GAT_h32_l4_head1_a0.5,0.5,population_error,0.874431312084198,0.9282485246658325,3.0017783641815186,4.159902095794678
GAT_h32_l4_head1_a0.5,0.5,country_score,0.7173084616661072,0.2899610102176666,0.9995415210723877,0.9998831748962402
GAT_h32_l4_head1_a0.7,0.7,combined_score,1.0947189331054688,0.5706916451454163,2.245514154434204,2.600355863571167
GAT_h32_l4_head1_a0.7,0.7,population_error,1.2314798831939697,0.9242203235626221,3.089115858078003,3.807554244995117
GAT_h32_l4_head1_a0.7,0.7,country_score,0.8895772695541382,0.1396813988685608,0.9988405704498291,0.9996500611305237
GAT_h32_l4_head1_a0.9,0.9,combined_score,1.1573420763015747,0.6121357679367065,2.3099446296691895,3.112271785736084
GAT_h32_l4_head1_a0.9,0.9,population_error,1.3011894226074219,1.0068902969360352,3.2002906799316406,4.537744998931885
GAT_h32_l4_head1_a0.9,0.9,country_score,0.9415708780288696,0.0666399821639061,0.9987382888793945,0.9993827939033508
GAT_h32_l4_head2_a0.1,0.1,combined_score,0.8296610116958618,0.6120346188545227,2.036966323852539,2.6710524559020996
GAT_h32_l4_head2_a0.1,0.1,population_error,0.9946857690811157,0.9436441659927368,2.9131813049316406,3.977238655090332
GAT_h32_l4_head2_a0.1,0.1,country_score,0.5821238160133362,0.3743976950645447,0.9994325637817383,0.9999189376831055
GAT_h32_l4_head2_a0.3,0.3,combined_score,0.823692798614502,0.5960809588432312,2.1166391372680664,2.6628873348236084
GAT_h32_l4_head2_a0.3,0.3,population_error,0.9395461082458496,0.930228590965271,2.977989673614502,3.9597463607788086
GAT_h32_l4_head2_a0.3,0.3,country_score,0.6499127745628357,0.3250090181827545,0.9992936253547668,0.9998918175697327
GAT_h32_l4_head2_a0.5,0.5,combined_score,0.7613552808761597,0.5788662433624268,2.10447096824646,2.605912446975708
GAT_h32_l4_head2_a0.5,0.5,population_error,0.8170192241668701,0.903540313243866,2.9153103828430176,3.750624656677246
GAT_h32_l4_head2_a0.5,0.5,country_score,0.6778592467308044,0.3216497004032135,0.999278724193573,0.9998225569725037
GAT_h32_l4_head2_a0.7,0.7,combined_score,0.7637322545051575,0.5760030746459961,2.037252902984619,2.6720173358917236
GAT_h32_l4_head2_a0.7,0.7,population_error,0.7673212885856628,0.908419668674469,2.7888481616973877,3.8912205696105957
GAT_h32_l4_head2_a0.7,0.7,country_score,0.7583487033843994,0.2710544466972351,0.9988684058189392,0.9996810555458069
GAT_h32_l4_head2_a0.9,0.9,combined_score,1.1809616088867188,0.5930036306381226,2.3967840671539307,3.119699239730835
GAT_h32_l4_head2_a0.9,0.9,population_error,1.3373756408691406,0.9759613275527954,3.3438103199005127,4.593081474304199
GAT_h32_l4_head2_a0.9,0.9,country_score,0.9463406801223755,0.058535732328891754,0.9988435506820679,0.9992722272872925
GAT_h32_l4_head4_a0.1,0.1,combined_score,0.8322218060493469,0.5773648619651794,2.052170991897583,2.613494396209717
GAT_h32_l4_head4_a0.1,0.1,population_error,0.962788462638855,0.8968722820281982,2.849036693572998,3.762082099914551
GAT_h32_l4_head4_a0.1,0.1,country_score,0.6363714933395386,0.33721044659614563,0.9992170333862305,0.9999068379402161
GAT_h32_l4_head4_a0.3,0.3,combined_score,0.7202929258346558,0.5716016292572021,2.0096333026885986,2.5783491134643555
GAT_h32_l4_head4_a0.3,0.3,population_error,0.7730775475502014,0.8912813067436218,2.866931915283203,3.6637253761291504
GAT_h32_l4_head4_a0.3,0.3,country_score,0.6411158442497253,0.33084794878959656,0.9992949366569519,0.9998804926872253
GAT_h32_l4_head4_a0.5,0.5,combined_score,0.7361135482788086,0.572557806968689,1.9802696704864502,2.6623404026031494
GAT_h32_l4_head4_a0.5,0.5,population_error,0.7577065229415894,0.8970992565155029,2.7440762519836426,3.8570215702056885
GAT_h32_l4_head4_a0.5,0.5,country_score,0.7037238478660583,0.3051984906196594,0.9991278648376465,0.9998836517333984
GAT_h32_l4_head4_a0.7,0.7,combined_score,0.7141473293304443,0.5688069462776184,1.9431266784667969,2.5511574745178223
GAT_h32_l4_head4_a0.7,0.7,population_error,0.7190789580345154,0.8893027901649475,2.7296900749206543,3.7436280250549316
GAT_h32_l4_head4_a0.7,0.7,country_score,0.7067499160766602,0.30820485949516296,0.9988665580749512,0.9998140931129456
GAT_h32_l4_head4_a0.9,0.9,combined_score,2.621778726577759,0.9550428986549377,4.230541706085205,4.824032306671143
GAT_h32_l4_head4_a0.9,0.9,population_error,3.7106401920318604,1.5902808904647827,6.3856987953186035,7.375505447387695
GAT_h32_l4_head4_a0.9,0.9,country_score,0.9884861707687378,0.03928205743432045,0.9997643828392029,0.9999768733978271
GAT_h64_l2_head1_a0.1,0.1,combined_score,0.7550455331802368,0.5650652050971985,1.999711513519287,2.5767171382904053
GAT_h64_l2_head1_a0.1,0.1,population_error,0.8333989977836609,0.8780190348625183,2.7884411811828613,3.8192567825317383
GAT_h64_l2_head1_a0.1,0.1,country_score,0.6375151872634888,0.3358789086341858,0.9994931221008301,0.9999726414680481
GAT_h64_l2_head1_a0.3,0.3,combined_score,0.7330464124679565,0.5564311146736145,1.965132713317871,2.5569112300872803
GAT_h64_l2_head1_a0.3,0.3,population_error,0.7922766208648682,0.8579986095428467,2.714313268661499,3.7294692993164062
GAT_h64_l2_head1_a0.3,0.3,country_score,0.6442009806632996,0.33826255798339844,0.9997096061706543,0.9999862313270569
GAT_h64_l2_head1_a0.5,0.5,combined_score,0.7364680171012878,0.557647168636322,1.9597907066345215,2.7019972801208496
GAT_h64_l2_head1_a0.5,0.5,population_error,0.7689807415008545,0.8689706921577454,2.7269701957702637,3.86193585395813
GAT_h64_l2_head1_a0.5,0.5,country_score,0.6876987814903259,0.31265246868133545,0.9996889233589172,0.9999521374702454
GAT_h64_l2_head1_a0.7,0.7,combined_score,0.7059890627861023,0.5555368661880493,1.9112563133239746,2.639517307281494
GAT_h64_l2_head1_a0.7,0.7,population_error,0.6954332590103149,0.8679467439651489,2.7495510578155518,3.8076939582824707
GAT_h64_l2_head1_a0.7,0.7,country_score,0.7218226790428162,0.28869929909706116,0.9994065761566162,0.9998759031295776
GAT_h64_l2_head1_a0.9,0.9,combined_score,0.7312447428703308,0.5743077397346497,2.0500378608703613,2.8034026622772217
GAT_h64_l2_head1_a0.9,0.9,population_error,0.737383246421814,0.9018687605857849,2.8232414722442627,4.007467746734619
GAT_h64_l2_head1_a0.9,0.9,country_score,0.7220369577407837,0.2929218113422394,0.9990131258964539,0.9997185468673706
GAT_h64_l2_head2_a0.1,0.1,combined_score,0.7223796248435974,0.5736857652664185,2.0139052867889404,2.5932090282440186
GAT_h64_l2_head2_a0.1,0.1,population_error,0.8045369982719421,0.8838792443275452,2.8335254192352295,3.760366439819336
GAT_h64_l2_head2_a0.1,0.1,country_score,0.5991434454917908,0.3526759445667267,0.9996355772018433,0.9999789595603943
GAT_h64_l2_head2_a0.3,0.3,combined_score,0.7043197154998779,0.5563003420829773,1.94961416721344,2.570584535598755
GAT_h64_l2_head2_a0.3,0.3,population_error,0.7810295224189758,0.864342451095581,2.7074389457702637,3.8365910053253174
GAT_h64_l2_head2_a0.3,0.3,country_score,0.5892550945281982,0.3582092225551605,0.9995434284210205,0.9999874830245972
GAT_h64_l2_head2_a0.5,0.5,combined_score,0.6815593838691711,0.5472494959831238,1.9200787544250488,2.5046141147613525
GAT_h64_l2_head2_a0.5,0.5,population_error,0.7056887745857239,0.8494195342063904,2.699310302734375,3.643207311630249
GAT_h64_l2_head2_a0.5,0.5,country_score,0.6453653573989868,0.3384976089000702,0.9997192025184631,0.9999568462371826
GAT_h64_l2_head2_a0.7,0.7,combined_score,2.654453992843628,1.9257258176803589,5.978981018066406,6.910357475280762
GAT_h64_l2_head2_a0.7,0.7,population_error,3.778090715408325,3.1956586837768555,9.302068710327148,10.853943824768066
GAT_h64_l2_head2_a0.7,0.7,country_score,0.9689983129501343,0.06459888815879822,0.9999704360961914,0.999992847442627
GAT_h64_l2_head2_a0.9,0.9,combined_score,0.7240743041038513,0.574364185333252,1.9499216079711914,2.789573907852173
GAT_h64_l2_head2_a0.9,0.9,population_error,0.7220781445503235,0.9000652432441711,2.666212797164917,4.149814605712891
GAT_h64_l2_head2_a0.9,0.9,country_score,0.7270685434341431,0.2844912111759186,0.9985158443450928,0.9995353817939758
GAT_h64_l2_head4_a0.1,0.1,combined_score,0.6917120218276978,0.5536686778068542,1.8519355058670044,2.507124662399292
GAT_h64_l2_head4_a0.1,0.1,population_error,0.8001681566238403,0.8481232523918152,2.60866379737854,3.637497901916504
GAT_h64_l2_head4_a0.1,0.1,country_score,0.5290278196334839,0.3785382807254791,0.9995399117469788,0.9999878406524658
GAT_h64_l2_head4_a0.3,0.3,combined_score,0.6686832308769226,0.5387587547302246,1.759637713432312,2.325934886932373
GAT_h64_l2_head4_a0.3,0.3,population_error,0.726172149181366,0.8284088373184204,2.5369913578033447,3.5390686988830566
GAT_h64_l2_head4_a0.3,0.3,country_score,0.5824497938156128,0.3633081912994385,0.9992687106132507,0.9999725818634033
GAT_h64_l2_head4_a0.5,0.5,combined_score,0.6916581988334656,0.5680477619171143,1.9297826290130615,2.7553904056549072
GAT_h64_l2_head4_a0.5,0.5,population_error,0.7074052691459656,0.8846668004989624,2.7141802310943604,3.9272680282592773
GAT_h64_l2_head4_a0.5,0.5,country_score,0.6680376529693604,0.3232889175415039,0.99937903881073,0.999921441078186
GAT_h64_l2_head4_a0.7,0.7,combined_score,0.7083644866943359,0.5656298995018005,1.969167709350586,2.6888370513916016
GAT_h64_l2_head4_a0.7,0.7,population_error,0.7219930291175842,0.878354012966156,2.6563639640808105,3.8874711990356445
GAT_h64_l2_head4_a0.7,0.7,country_score,0.6879218220710754,0.30972838401794434,0.9995250701904297,0.99985271692276
GAT_h64_l2_head4_a0.9,0.9,combined_score,0.8667263984680176,0.579824686050415,1.9843586683273315,2.8071324825286865
GAT_h64_l2_head4_a0.9,0.9,population_error,0.9446340203285217,0.9104622602462769,2.7613985538482666,4.076218128204346
GAT_h64_l2_head4_a0.9,0.9,country_score,0.7498646378517151,0.2902649939060211,0.9991212487220764,0.9998044967651367
GAT_h64_l3_head1_a0.1,0.1,combined_score,0.8533695340156555,0.5775163769721985,2.003692865371704,2.7332966327667236
GAT_h64_l3_head1_a0.1,0.1,population_error,0.9735705852508545,0.9173154234886169,2.7469027042388916,4.1051025390625
GAT_h64_l3_head1_a0.1,0.1,country_score,0.6730679273605347,0.3101893663406372,0.9992716312408447,0.999953031539917
GAT_h64_l3_head1_a0.3,0.3,combined_score,0.9170483350753784,0.6080281138420105,2.147644281387329,2.9244461059570312
GAT_h64_l3_head1_a0.3,0.3,population_error,1.027948260307312,0.9688948392868042,3.0094738006591797,4.39132022857666
GAT_h64_l3_head1_a0.3,0.3,country_score,0.7506980895996094,0.2667904496192932,0.9994264841079712,0.9998818635940552
GAT_h64_l3_head1_a0.5,0.5,combined_score,0.7591518759727478,0.5812050700187683,2.0206499099731445,2.6627438068389893
GAT_h64_l3_head1_a0.5,0.5,population_error,0.8233182430267334,0.9107452630996704,2.8010289669036865,3.7966861724853516
GAT_h64_l3_head1_a0.5,0.5,country_score,0.662902295589447,0.3256623446941376,0.999624490737915,0.999910831451416
GAT_h64_l3_head1_a0.7,0.7,combined_score,0.7394441366195679,0.581813633441925,2.018612861633301,2.58453369140625
GAT_h64_l3_head1_a0.7,0.7,population_error,0.7619935274124146,0.9159702062606812,2.7612900733947754,3.701648712158203
GAT_h64_l3_head1_a0.7,0.7,country_score,0.7056199908256531,0.3017839193344116,0.9992858171463013,0.9998593330383301
GAT_h64_l3_head1_a0.9,0.9,combined_score,0.7835956811904907,0.5860874652862549,2.0437445640563965,2.6433610916137695
GAT_h64_l3_head1_a0.9,0.9,population_error,0.803054928779602,0.9278281927108765,2.802614688873291,3.756845712661743
GAT_h64_l3_head1_a0.9,0.9,country_score,0.7544068694114685,0.2704352140426636,0.9987519979476929,0.9993659257888794
GAT_h64_l3_head2_a0.1,0.1,combined_score,0.744656503200531,0.5809082388877869,1.9869742393493652,2.647111177444458
GAT_h64_l3_head2_a0.1,0.1,population_error,0.896949827671051,0.9034619927406311,2.79201602935791,3.884197235107422
GAT_h64_l3_head2_a0.1,0.1,country_score,0.5162163972854614,0.38335561752319336,0.9997639656066895,0.999981164932251
GAT_h64_l3_head2_a0.3,0.3,combined_score,0.7528381943702698,0.5599066019058228,1.9679828882217407,2.567061185836792
GAT_h64_l3_head2_a0.3,0.3,population_error,0.8561579585075378,0.8728762865066528,2.7837390899658203,3.7614729404449463
GAT_h64_l3_head2_a0.3,0.3,country_score,0.5978584885597229,0.35052254796028137,0.9992998838424683,0.9999561309814453
GAT_h64_l3_head2_a0.5,0.5,combined_score,0.7160899639129639,0.539415180683136,1.881651759147644,2.3474771976470947
GAT_h64_l3_head2_a0.5,0.5,population_error,0.7715041041374207,0.833558201789856,2.566458225250244,3.510157585144043
GAT_h64_l3_head2_a0.5,0.5,country_score,0.6329689025878906,0.33928635716438293,0.9993292093276978,0.9999240636825562
GAT_h64_l3_head2_a0.7,0.7,combined_score,0.7130209803581238,0.5533662438392639,1.9167836904525757,2.544893264770508
GAT_h64_l3_head2_a0.7,0.7,population_error,0.7540236115455627,0.8754596710205078,2.77237606048584,3.7546870708465576
GAT_h64_l3_head2_a0.7,0.7,country_score,0.6515170335769653,0.33180418610572815,0.99932861328125,0.9999139904975891
GAT_h64_l3_head2_a0.9,0.9,combined_score,0.7527802586555481,0.5548314452171326,1.950593113899231,2.5400390625
GAT_h64_l3_head2_a0.9,0.9,population_error,0.7559112906455994,0.8681058287620544,2.6244056224823,3.6770215034484863
GAT_h64_l3_head2_a0.9,0.9,country_score,0.7480837106704712,0.275952011346817,0.9986585974693298,0.9994158148765564
GAT_h64_l3_head4_a0.1,0.1,combined_score,0.7296109795570374,0.5638574957847595,1.943036437034607,2.4796159267425537
GAT_h64_l3_head4_a0.1,0.1,population_error,0.8431002497673035,0.8698031902313232,2.678605318069458,3.6688034534454346
GAT_h64_l3_head4_a0.1,0.1,country_score,0.5593770146369934,0.37118616700172424,0.9994727969169617,0.9999707937240601
GAT_h64_l3_head4_a0.3,0.3,combined_score,3.0166168212890625,1.2665754556655884,5.258518218994141,6.049500465393066
GAT_h64_l3_head4_a0.3,0.3,population_error,4.36456298828125,2.110442638397217,8.098306655883789,9.417630195617676
GAT_h64_l3_head4_a0.3,0.3,country_score,0.9946975708007812,0.012799960561096668,0.9999238848686218,0.9999828338623047
GAT_h64_l3_head4_a0.5,0.5,combined_score,0.7610442042350769,0.5627458095550537,2.0418877601623535,2.5280113220214844
GAT_h64_l3_head4_a0.5,0.5,population_error,0.8192367553710938,0.8825936913490295,2.828916072845459,3.622377395629883
GAT_h64_l3_head4_a0.5,0.5,country_score,0.6737552285194397,0.31201815605163574,0.9991644024848938,0.9998866319656372
GAT_h64_l3_head4_a0.7,0.7,combined_score,0.7169018983840942,0.5659500360488892,1.9242969751358032,2.537010908126831
GAT_h64_l3_head4_a0.7,0.7,population_error,0.7494583129882812,0.877352774143219,2.6241962909698486,3.69604754447937
GAT_h64_l3_head4_a0.7,0.7,country_score,0.668067216873169,0.3186599314212799,0.9991810321807861,0.9999264478683472
GAT_h64_l3_head4_a0.9,0.9,combined_score,0.6991987228393555,0.5549284815788269,1.8005021810531616,2.646456003189087
GAT_h64_l3_head4_a0.9,0.9,population_error,0.7133157849311829,0.8621161580085754,2.537640333175659,3.764975070953369
GAT_h64_l3_head4_a0.9,0.9,country_score,0.678023099899292,0.31736326217651367,0.9984513521194458,0.9995260834693909
GAT_h64_l4_head1_a0.1,0.1,combined_score,0.8836185336112976,0.5980989933013916,2.065122604370117,2.750993490219116
GAT_h64_l4_head1_a0.1,0.1,population_error,1.0410642623901367,0.9264122843742371,2.8957512378692627,4.031713962554932
GAT_h64_l4_head1_a0.1,0.1,country_score,0.6474499702453613,0.3360852897167206,0.9995895028114319,0.9999478459358215
GAT_h64_l4_head1_a0.3,0.3,combined_score,0.8878498077392578,0.5876418948173523,2.0684173107147217,2.5042481422424316
GAT_h64_l4_head1_a0.3,0.3,population_error,1.0643177032470703,0.9157992601394653,2.82912278175354,3.9814958572387695
GAT_h64_l4_head1_a0.3,0.3,country_score,0.6231479644775391,0.3420482873916626,0.9994382858276367,0.9998917579650879
GAT_h64_l4_head1_a0.5,0.5,combined_score,0.7237966060638428,0.5771991014480591,2.084340810775757,2.6383965015411377
GAT_h64_l4_head1_a0.5,0.5,population_error,0.73481684923172,0.9023895263671875,2.912834882736206,3.7520151138305664
GAT_h64_l4_head1_a0.5,0.5,country_score,0.7072662711143494,0.30347272753715515,0.9993534684181213,0.9998891949653625
GAT_h64_l4_head1_a0.7,0.7,combined_score,0.7908390164375305,0.5971826314926147,2.1416854858398438,2.7787675857543945
GAT_h64_l4_head1_a0.7,0.7,population_error,0.8261921405792236,0.9370934367179871,2.978729724884033,3.98190975189209
GAT_h64_l4_head1_a0.7,0.7,country_score,0.7378092408180237,0.2829185426235199,0.9995132684707642,0.9998399019241333
GAT_h64_l4_head1_a0.9,0.9,combined_score,1.0404789447784424,0.6121416091918945,2.1952731609344482,2.6272029876708984
GAT_h64_l4_head1_a0.9,0.9,population_error,1.1951183080673218,0.9662325382232666,3.0487258434295654,3.7948224544525146
GAT_h64_l4_head1_a0.9,0.9,country_score,0.8085200190544128,0.27392083406448364,0.9990067481994629,0.9995563626289368
GAT_h64_l4_head2_a0.1,0.1,combined_score,0.7944064140319824,0.6047708988189697,2.0879294872283936,2.7291452884674072
GAT_h64_l4_head2_a0.1,0.1,population_error,0.9716918468475342,0.932269811630249,2.923553466796875,4.142021656036377
GAT_h64_l4_head2_a0.1,0.1,country_score,0.5284782648086548,0.38302552700042725,0.9997221231460571,0.9999774098396301
GAT_h64_l4_head2_a0.3,0.3,combined_score,0.741078794002533,0.6019731760025024,2.0668509006500244,2.7368931770324707
GAT_h64_l4_head2_a0.3,0.3,population_error,0.8303573727607727,0.937837541103363,3.0798299312591553,4.030259609222412
GAT_h64_l4_head2_a0.3,0.3,country_score,0.6071608662605286,0.3473362922668457,0.9996935129165649,0.9999758005142212
GAT_h64_l4_head2_a0.5,0.5,combined_score,0.7456408739089966,0.5574550628662109,1.9620493650436401,2.609518051147461
GAT_h64_l4_head2_a0.5,0.5,population_error,0.7859458923339844,0.8673447370529175,2.770037889480591,3.806025981903076
GAT_h64_l4_head2_a0.5,0.5,country_score,0.6851832866668701,0.31383731961250305,0.9994696378707886,0.9999338984489441
GAT_h64_l4_head2_a0.7,0.7,combined_score,0.7135580778121948,0.5718672871589661,1.9630532264709473,2.6892738342285156
GAT_h64_l4_head2_a0.7,0.7,population_error,0.7315054535865784,0.8893249034881592,2.731714963912964,3.9441394805908203
GAT_h64_l4_head2_a0.7,0.7,country_score,0.6866369843482971,0.30746233463287354,0.9992234706878662,0.9998748898506165
GAT_h64_l4_head2_a0.9,0.9,combined_score,0.7078461647033691,0.5496267676353455,1.8927364349365234,2.623318910598755
GAT_h64_l4_head2_a0.9,0.9,population_error,0.6839178800582886,0.8647946119308472,2.5478079319000244,3.7539830207824707
GAT_h64_l4_head2_a0.9,0.9,country_score,0.7437384724617004,0.2732104957103729,0.9987531304359436,0.9994620680809021
GAT_h64_l4_head4_a0.1,0.1,combined_score,2.9620394706726074,1.2904138565063477,5.614090442657471,6.368468761444092
GAT_h64_l4_head4_a0.1,0.1,population_error,4.270609378814697,2.1508283615112305,8.692523956298828,9.947484016418457
GAT_h64_l4_head4_a0.1,0.1,country_score,0.9991840720176697,0.0020695922430604696,1.0,1.0
GAT_h64_l4_head4_a0.3,0.3,combined_score,0.7396904230117798,0.59035724401474,2.0535411834716797,2.6838741302490234
GAT_h64_l4_head4_a0.3,0.3,population_error,0.8098042011260986,0.9153921604156494,2.948564291000366,3.932241678237915
GAT_h64_l4_head4_a0.3,0.3,country_score,0.6345195770263672,0.33242884278297424,0.9993864893913269,0.9999356865882874
GAT_h64_l4_head4_a0.5,0.5,combined_score,0.7116178274154663,0.5562834739685059,1.9727964401245117,2.580566644668579
GAT_h64_l4_head4_a0.5,0.5,population_error,0.7405089139938354,0.8621959090232849,2.766683340072632,3.781554698944092
GAT_h64_l4_head4_a0.5,0.5,country_score,0.6682811379432678,0.31382253766059875,0.9991069436073303,0.9999146461486816
GAT_h64_l4_head4_a0.7,0.7,combined_score,0.7099819183349609,0.552922248840332,1.8717817068099976,2.7168381214141846
GAT_h64_l4_head4_a0.7,0.7,population_error,0.7378836870193481,0.8592563271522522,2.6355538368225098,3.9280576705932617
GAT_h64_l4_head4_a0.7,0.7,country_score,0.6681293249130249,0.30893415212631226,0.999396026134491,0.9998568296432495
GAT_h64_l4_head4_a0.9,0.9,combined_score,1.5669188499450684,0.9737826585769653,3.3497161865234375,5.558334827423096
GAT_h64_l4_head4_a0.9,0.9,population_error,1.9472699165344238,1.6231753826141357,4.916352272033691,8.601847648620605
GAT_h64_l4_head4_a0.9,0.9,country_score,0.9963920712471008,0.03172774612903595,0.999999463558197,0.9999998211860657
GAT_Best_h64_(Pop-Only),1.0,combined_score,0.8415712118148804,0.5179705023765564,1.9896495342254639,2.747547149658203
GAT_Best_h64_(Pop-Only),1.0,population_error,0.7390958070755005,0.8632844686508179,2.6525566577911377,3.9157230854034424
GAT_Best_h64_(Pop-Only),1.0,country_score,0.9952844381332397,4.163153334957315e-06,0.995291531085968,0.9952946305274963
GAT_Best_h64_(Country-Only),0.0,combined_score,6.742526531219482,1.0630608797073364,8.857345581054688,9.647252082824707
GAT_Best_h64_(Country-Only),0.0,population_error,10.579667091369629,1.7740898132324219,14.1012601852417,15.420588493347168
GAT_Best_h64_(Country-Only),0.0,country_score,0.9868161082267761,0.017778756096959114,0.9993600845336914,0.9999521374702454
